{"name":"almond-coconut crusted chicken breast","isStandard":true,"id":14452012,"isDraft":false,"categories":[{"isStandard":true,"id":25,"name":"Chicken"},{"isStandard":true,"id":34,"name":"Paleo"}],"serving":{"id":14939586,"portions":4,"magnesium":113.39808,"phosphorus":958.1127936001,"potassium":1505.9265024,"zinc":3.7576316173,"copper":0.1315417728,"manganese":0.0498951552,"selenium":144.2483724777,"vitaminE":10.9268254092,"vitaminD":69.0718464001,"thiamin":0.3084427776,"riboflavin":0.8310622488,"niacin":35.9959056232,"pantothenicAcid":7.5791855383,"vitaminB6":3.4518375552,"totalFolate":168.8000000001,"vitaminB12":5.5920000008,"transFat":0.0272155392,"monounsaturatedFat":2.0000000023,"polyunsaturatedFat":4.1570025457,"gradeLabel":"F","score":-11.286112715035,"calories":1137.4882222588,"protein":106.67379717798,"fat":62.232678582919,"carbs":9.716459150881,"fluid":342.870434688,"saturatedFat":41.4866461444,"cholesterol":485.299084799,"sodium":868.14020451754,"sugars":4.535583785119,"vitaminA":663.2932352026,"calcium":102.20342552561,"iron":4.4079281742143},"ingredients":[{"id":12790,"food":{"name":"almond flour","isStandard":true,"id":14031089,"isDraft":false,"categories":[{"isStandard":true,"id":67,"name":"Ingredients"}],"servings":[{"id":14438536,"unit":"Tbsp","starch":0.0,"alcoholEthyl":0.0,"caffeine":0.0,"transFat":0.0,"monounsaturatedFat":0.0,"polyunsaturatedFat":0.0,"sugarAlcohols":0.0,"gradeLabel":"A","score":1.7094999994701,"calories":87.0,"protein":3.0,"fat":1.0000000005,"carbs":3.0,"saturatedFat":1.0000000005,"cholesterol":0.0,"sodium":4.9999999995,"dietaryFiber":1.9999999995,"sugars":1.0000000005,"calcium":30.0,"iron":0.9,"integral":2},{"id":14453642,"unit":"Cup(s)","starch":0.0,"sucrose":0.0,"glucose":0.0,"fructose":0.0,"lactose":0.0,"maltose":0.0,"caffeine":0.0,"magnesium":0.0,"phosphorus":0.0,"potassium":0.0,"zinc":0.0,"copper":0.0,"manganese":0.0,"selenium":0.0,"thiamin":0.0,"riboflavin":0.0,"niacin":0.0,"sugarAlcohols":0.0,"gradeLabel":"A","score":3.09492063462,"calories":690.47619047619,"protein":23.809523809524,"fat":7.9365079404762,"carbs":23.809523809524,"fluid":0.0,"cholesterol":0.0,"sodium":39.682539678571,"sugars":7.9365079404762,"calcium":238.09523809524,"iron":7.1428571428571,"integral":1,"nominator":0,"denominator":0},{"id":14453643,"unit":"fl oz","starch":0.0,"sucrose":0.0,"glucose":0.0,"fructose":0.0,"lactose":0.0,"maltose":0.0,"caffeine":0.0,"magnesium":0.0,"phosphorus":0.0,"potassium":0.0,"zinc":0.0,"copper":0.0,"manganese":0.0,"selenium":0.0,"thiamin":0.0,"riboflavin":0.0,"niacin":0.0,"sugarAlcohols":0.0,"gradeLabel":"A-","score":1.0104999999621,"calories":87.0,"protein":3.0,"fat":1.0000000005,"carbs":3.0,"fluid":0.0,"cholesterol":0.0,"sodium":4.9999999995,"sugars":1.0000000005,"calcium":30.0,"iron":0.9,"integral":1,"nominator":0,"denominator":0},{"id":14453644,"unit":"mL","starch":0.0,"sucrose":0.0,"glucose":0.0,"fructose":0.0,"lactose":0.0,"maltose":0.0,"caffeine":0.0,"magnesium":0.0,"phosphorus":0.0,"potassium":0.0,"zinc":0.0,"copper":0.0,"manganese":0.0,"selenium":0.0,"thiamin":0.0,"riboflavin":0.0,"niacin":0.0,"sugarAlcohols":0.0,"gradeLabel":"B+","score":0.72016111380774,"calories":2.94181997133,"protein":0.1014420679769,"fat":0.033814022675873,"carbs":0.1014420679769,"fluid":0.0,"cholesterol":0.0,"sodium":0.16907011327792,"sugars":0.033814022675873,"calcium":1.014420679769,"iron":0.030432620393069,"integral":1,"nominator":0,"denominator":0},{"id":14453645,"unit":"tsp","starch":0.0,"sucrose":0.0,"glucose":0.0,"fructose":0.0,"lactose":0.0,"maltose":0.0,"caffeine":0.0,"magnesium":0.0,"phosphorus":0.0,"potassium":0.0,"zinc":0.0,"copper":0.0,"manganese":0.0,"selenium":0.0,"thiamin":0.0,"riboflavin":0.0,"niacin":0.0,"sugarAlcohols":0.0,"gradeLabel":"B+","score":0.76008333332702,"calories":14.5,"protein":0.5,"fat":0.16666666675,"carbs":0.5,"fluid":0.0,"cholesterol":0.0,"sodium":0.83333333325,"sugars":0.16666666675,"calcium":5.0,"iron":0.15,"integral":1,"nominator":0,"denominator":0},{"id":14456921,"unit":"gm","starch":0.0,"caffeine":0.0,"sugarAlcohols":0.0,"gradeLabel":"B+","score":0.73003333157,"calories":5.8,"protein":0.2,"fat":0.0666667,"carbs":0.2,"cholesterol":0.0,"sodium":0.333333,"sugars":0.0666667,"calcium":2.0,"iron":0.06,"integral":1,"nominator":0,"denominator":0},{"id":14456922,"unit":"oz","starch":0.0,"sucrose":0.0,"glucose":0.0,"fructose":0.0,"lactose":0.0,"maltose":0.0,"caffeine":0.0,"magnesium":0.0,"phosphorus":0.0,"potassium":0.0,"zinc":0.0,"copper":0.0,"manganese":0.0,"selenium":0.0,"thiamin":0.0,"riboflavin":0.0,"niacin":0.0,"sugarAlcohols":0.0,"gradeLabel":"A-","score":1.2779353974128,"calories":164.42723435612,"protein":5.6699046329695,"fat":1.8899691559739,"carbs":5.6699046329695,"fluid":0.0,"cholesterol":0.0,"sodium":9.4498316051081,"sugars":1.8899691559739,"calcium":56.699046329695,"iron":1.7009713898909,"integral":1,"nominator":0,"denominator":0}],"favorite":false},"serving":{"id":14453642,"unit":"Cup(s)","starch":0.0,"sucrose":0.0,"glucose":0.0,"fructose":0.0,"lactose":0.0,"maltose":0.0,"caffeine":0.0,"magnesium":0.0,"phosphorus":0.0,"potassium":0.0,"zinc":0.0,"copper":0.0,"manganese":0.0,"selenium":0.0,"thiamin":0.0,"riboflavin":0.0,"niacin":0.0,"sugarAlcohols":0.0,"gradeLabel":"A","score":3.09492063462,"calories":690.47619047619,"protein":23.809523809524,"fat":7.9365079404762,"carbs":23.809523809524,"fluid":0.0,"cholesterol":0.0,"sodium":39.682539678571,"sugars":7.9365079404762,"calcium":238.09523809524,"iron":7.1428571428571,"integral":1,"nominator":0,"denominator":0},"position":1,"nominator":1,"denominator":4},{"id":12791,"food":{"name":"coconut flakes, organic","isStandard":true,"id":10282056,"isDraft":false,"categories":[{"isStandard":true,"id":67,"name":"Ingredients"}],"servings":[{"id":2609014,"unit":"gm","starch":0.0,"sucrose":0.0,"glucose":0.0,"fructose":0.0,"lactose":0.0,"maltose":0.0,"alcoholEthyl":0.0,"caffeine":0.0,"magnesium":0.0,"phosphorus":0.0,"potassium":0.0,"zinc":0.0,"copper":0.0,"manganese":0.0,"selenium":0.0,"caroteneBeta":0.0,"caroteneAlpha":0.0,"vitaminE":0.0,"vitaminD":0.0,"thiamin":0.0,"riboflavin":0.0,"niacin":0.0,"pantothenicAcid":0.0,"vitaminB6":0.0,"vitaminK":0.0,"transFat":0.0,"monounsaturatedFat":0.0,"polyunsaturatedFat":0.0,"sugarAlcohols":0.0,"gradeLabel":"B","score":0.424682,"calories":6.56071,"protein":0.06,"fat":0.65,"carbs":0.065,"fluid":0.0,"saturatedFat":0.6,"cholesterol":0.0,"sodium":0.2,"dietaryFiber":0.0,"sugars":0.06,"vitaminA":0.0,"vitaminC":0.0,"calcium":0.0,"iron":0.0,"integral":1},{"id":2609015,"unit":"serving","starch":0.0,"caffeine":0.0,"transFat":0.0,"polyunsaturatedFat":0.0,"sugarAlcohols":0.0,"gradeLabel":"F","score":-4.37616,"calories":131.2142,"protein":1.2,"fat":13.0,"carbs":1.3,"saturatedFat":12.0,"cholesterol":0.0,"sodium":4.0,"dietaryFiber":0.0,"sugars":1.2,"integral":1},{"id":14438554,"unit":"oz","starch":0.0,"sucrose":0.0,"glucose":0.0,"fructose":0.0,"lactose":0.0,"maltose":0.0,"alcoholEthyl":0.0,"caffeine":0.0,"magnesium":0.0,"phosphorus":0.0,"potassium":0.0,"zinc":0.0,"copper":0.0,"manganese":0.0,"selenium":0.0,"caroteneBeta":0.0,"caroteneAlpha":0.0,"vitaminE":0.0,"vitaminD":0.0,"thiamin":0.0,"riboflavin":0.0,"niacin":0.0,"pantothenicAcid":0.0,"vitaminB6":0.0,"vitaminK":0.0,"transFat":0.0,"monounsaturatedFat":0.0,"polyunsaturatedFat":0.0,"sugarAlcohols":0.0,"gradeLabel":"F","score":-7.37862834736,"calories":185.9929793592,"protein":1.7009712,"fat":18.427188,"carbs":1.8427188,"fluid":0.0,"saturatedFat":17.009712,"cholesterol":0.0,"sodium":5.669904,"dietaryFiber":0.0,"sugars":1.7009712,"vitaminA":0.0,"vitaminC":0.0,"calcium":0.0,"iron":0.0,"integral":1}],"favorite":false},"serving":{"id":14438554,"unit":"oz","starch":0.0,"sucrose":0.0,"glucose":0.0,"fructose":0.0,"lactose":0.0,"maltose":0.0,"alcoholEthyl":0.0,"caffeine":0.0,"magnesium":0.0,"phosphorus":0.0,"potassium":0.0,"zinc":0.0,"copper":0.0,"manganese":0.0,"selenium":0.0,"caroteneBeta":0.0,"caroteneAlpha":0.0,"vitaminE":0.0,"vitaminD":0.0,"thiamin":0.0,"riboflavin":0.0,