{"name":"whole grain avocado toast","isStandard":true,"id":14455177,"isDraft":false,"categories":[{"isStandard":false,"id":2696,"name":"AFM Recipes"},{"isStandard":true,"id":24,"name":"Breakfast"},{"isStandard":true,"id":44,"name":"Vegan"}],"serving":{"id":14948337,"portions":1,"starch":0.05525,"sucrose":0.03025,"glucose":0.186,"fructose":0.06025,"magnesium":74.57235,"phosphorus":106.1301,"potassium":333.7125,"zinc":2.5715,"copper":0.0955,"manganese":0.07125,"selenium":0.201,"caroteneBeta":31.155,"caroteneAlpha":12.06,"vitaminE":1.8454485,"thiamin":0.18374985,"riboflavin":0.09925002,"niacin":2.873248,"pantothenicAcid":1.09800005,"vitaminB6":0.2092501,"totalFolate":72.7024999995,"vitaminB12":0.2399999985,"vitaminK":10.5525,"polyunsaturatedFat":2.4124985,"gradeLabel":"A","score":2.7842088329833,"calories":200.40015,"protein":6.004995,"fat":9.866752,"carbs":24.28623,"fluid":36.798,"saturatedFat":1.5682495,"sodium":163.5177,"dietaryFiber":6.3667515,"sugars":3.3317515,"vitaminA":273.365,"vitaminC":5.025,"calcium":26.02998,"iron":1.3565},"ingredients":[{"id":16016,"food":{"name":"whole grain bread","isStandard":true,"id":642973,"isDraft":false,"categories":[{"isStandard":true,"id":57,"name":"Bread"}],"servings":[{"id":14438697,"unit":"slice","magnesium":59.99985,"phosphorus":80.0001,"potassium":90.0,"zinc":2.25,"vitaminE":0.8051985,"thiamin":0.14999985,"riboflavin":0.03400002,"niacin":1.999998,"pantothenicAcid":0.40000005,"vitaminB6":0.0800001,"totalFolate":31.9999999995,"vitaminB12":0.2399999985,"transFat":0.0,"polyunsaturatedFat":1.4999985,"gradeLabel":"B","score":0.1174995665,"calories":120.00015,"protein":4.999995,"fat":2.500002,"carbs":19.99998,"saturatedFat":0.4999995,"cholesterol":0.0,"sodium":160.0002,"dietaryFiber":3.0000015,"sugars":3.0000015,"calcium":19.99998,"iron":1.08,"integral":1},{"id":14456576,"unit":"oz","starch":0.0,"sucrose":0.0,"glucose":0.0,"fructose":0.0,"lactose":0.0,"maltose":0.0,"alcoholEthyl":0.0,"caffeine":0.0,"magnesium":37.7992655016,"phosphorus":50.3992096656,"potassium":56.69904,"zinc":1.417476,"copper":0.0,"manganese":0.0,"selenium":0.0,"caroteneBeta":0.0,"caroteneAlpha":0.0,"vitaminE":0.507266466216,"vitaminD":0.0,"thiamin":0.0944983055016,"riboflavin":0.02141964993312,"niacin":1.259977406688,"pantothenicAcid":0.2519957648328,"vitaminB6":0.0503992096656,"vitaminK":0.0,"transFat":0.0,"monounsaturatedFat":0.0,"polyunsaturatedFat":0.944983055016,"sugarAlcohols":0.0,"gradeLabel":"A-","score":1.2754155833135,"calories":75.5988144984,"protein":3.14994351672,"fat":1.574974593312,"carbs":12.59977406688,"fluid":0.0,"saturatedFat":0.314994351672,"cholesterol":0.0,"sodium":100.7984193312,"dietaryFiber":1.889968944984,"sugars":1.889968944984,"vitaminA":0.0,"vitaminC":0.0,"calcium":12.59977406688,"iron":0.68038848,"integral":1,"nominator":0,"denominator":0}],"favorite":false},"serving":{"id":14438697,"unit":"slice","magnesium":59.99985,"phosphorus":80.0001,"potassium":90.0,"zinc":2.25,"vitaminE":0.8051985,"thiamin":0.14999985,"riboflavin":0.03400002,"niacin":1.999998,"pantothenicAcid":0.40000005,"vitaminB6":0.0800001,"totalFolate":31.9999999995,"vitaminB12":0.2399999985,"transFat":0.0,"polyunsaturatedFat":1.4999985,"gradeLabel":"B","score":0.1174995665,"calories":120.00015,"protein":4.999995,"fat":2.500002,"carbs":19.99998,"saturatedFat":0.4999995,"cholesterol":0.0,"sodium":160.0002,"dietaryFiber":3.0000015,"sugars":3.0000015,"calcium":19.99998,"iron":1.08,"integral":1},"position":1,"integral":1},{"id":16014,"food":{"name":"avocados","isStandard":true,"id":9037,"isDraft":false,"categories":[{"isStandard":true,"id":66,"name":"Fruits & Juices"}],"servings":[{"id":2609786,"unit":"cup (pureed)","starch":0.253,"sucrose":0.138,"glucose":0.851,"fructose":0.276,"lactose":0.0,"maltose":0.0,"caffeine":0.0,"magnesium":66.7,"phosphorus":119.6,"potassium":1115.5,"zinc":1.472,"copper":0.437,"manganese":0.327,"selenium":0.92,"caroteneBeta":142.6,"caroteneAlpha":55.2,"vitaminE":4.761,"vitaminD":0.0,"thiamin":0.154,"riboflavin":0.299,"niacin":3.997,"pantothenicAcid":3.195,"vitaminB6":0.591,"totalFolate":186.3,"vitaminB12":0.0,"vitaminK":48.3,"polyunsaturatedFat":4.177,"gradeLabel":"A","score":5.99291052,"calories":368.0,"protein":4.6,"fat":33.718,"carbs":19.619,"fluid":168.429,"saturatedFat":4.89,"cholesterol":0.0,"sodium":16.1,"dietaryFiber":15.41,"sugars":1.518,"vitaminA":335.8,"vitaminC":23.0,"calcium":27.6,"iron":1.265,"integral":1},{"id":2609787,"unit":"cup","starch":0.161,"sucrose":0.088,"glucose":0.54,"fructose":0.175,"lactose":0.0,"maltose":0.0,"caffeine":0.0,"magnesium":42.34,"phosphorus":75.92,"potassium":708.1,"zinc":0.934,"copper":0.277,"manganese":0.207,"selenium":0.584,"caroteneBeta":90.52,"caroteneAlpha":35.04,"vitaminE":3.022,"vitaminD":0.0,"thiamin":0.098,"riboflavin":0.19,"niacin":2.537,"pantothenicAcid":2.028,"vitaminB6":0.375,"totalFolate":118.26,"vitaminB12":0.0,"vitaminK":30.66,"polyunsaturatedFat":2.651,"gradeLabel":"A","score":4.063499184,"calories":233.6,"protein":2.92,"fat":21.404,"carbs":12.454,"fluid":106.916,"saturatedFat":3.104,"cholesterol":0.0,"sodium":10.22,"dietaryFiber":9.782,"sugars":0.964,"vitaminA":213.16,"vitaminC":14.6,"calcium":17.52,"iron":0.803,"integral":1},{"id":2609788,"unit":"avocado","starch":0.221,"sucrose":0.121,"glucose":0.744,"fructose":0.241,"lactose":0.0,"maltose":0.0,"caffeine":0.0,"magnesium":58.29,"phosphorus":104.52,"potassium":974.85,"zinc":1.286,"copper":0.382,"manganese":0.285,"selenium":0.804,"caroteneBeta":124.62,"caroteneAlpha":48.24,"vitaminE":4.161,"vitaminD":0.0,"thiamin":0.135,"riboflavin":0.261,"niacin":3.493,"pantothenicAcid":2.792,"vitaminB6":0.517,"totalFolate":162.81,"vitaminB12":0.0,"vitaminK":42.21,"polyunsaturatedFat":3.65,"gradeLabel":"A","score":5.3269143373333,"calories":321.6,"protein":4.02,"fat":29.467,"carbs":17.145,"fluid":147.192,"saturatedFat":4.273,"cholesterol":0.0,"sodium":14.07,"dietaryFiber":13.467,"sugars":1.327,"vitaminA":293.46,"vitaminC":20.1,"calcium":24.12,"iron":1.106,"integral":1},{"id":14455903,"unit":"gm","starch":0.001,"sucrose":0.001,"glucose":0.004,"fructose":0.001,"lactose":0.0,"maltose":0.0,"alcoholEthyl":0.0,"caffeine":0.0,"magnesium":0.29,"phosphorus":0.52,"potassium":4.85,"zinc":0.006,"copper":0.002,"manganese":0.001,"selenium":0.004,"caroteneBeta":0.62,"caroteneAlpha":0.24,"vitaminE":0.021,"vitaminD":0.0,"thiamin":0.001,"riboflavin":0.001,"niacin":0.017,"pantothenicAcid":0.014,"vitaminB6":0.003,"vitaminK":0.21,"transFat":0.0,"monounsaturatedFat":0.0,"polyunsaturatedFat":0.018,"sugarAlcohols":0.0,"gradeLabel":"B+","score":0.73300553733333,"calories":1.6,"protein":0.02,"fat":0.147,"carbs":0.085,"fluid":0.732,"saturatedFat":0.021,"cholesterol":0.0,"sodium":0.07,"dietaryFiber":0.067,"sugars":0.007,"vitaminA":1.46,"vitaminC":0.1,"calcium":0.12,"iron":0.006,"integral":1,"nominator":0,"denominator":0},{"id":14455904,"unit":"oz","starch":0.031,"sucrose":0.017,"glucose":0.105,"fructose":0.034,"lactose":0.0,"maltose":0.0,"alcoholEthyl":0.0,"caffeine":0.0,"magnesium":8.221,"phosphorus":14.742,"potassium":137.495,"zinc":0.181,"copper":0.054,"manganese":0.04,"selenium":0.113,"caroteneBeta":17.577,"caroteneAlpha":6.804,"vitaminE":0.587,"vitaminD":0.0,"thiamin":0.019,"riboflavin":0.037,"niacin":0.493,"pantothenicAcid":0.394,"vitaminB6":0.073,"vitaminK":5.953,"transFat":0.0,"monounsaturatedFat":0.0,"polyunsaturatedFat":0.515,"sugarAlcohols":0.0,"gradeLabel":"A-","score":1.360825776,"calories":45.359,"protein":0.567,"fat":4.156,"carbs":2.418,"fluid":20.76,"saturatedFat":0.603,"cholesterol":0.0,"sodium":1.984,"dietaryFiber":1.899,"sugars":0.187,"vitaminA":41.39,"vitaminC":2.835,"calcium":3.402,"iron":0.156,"integral":1,"nominator":0,"denominator":0}],"favorite":false},"serving":{"id":2609788,"unit":"avocado","starch":0.221,"sucrose":0.121,"glucose":0.744,"fructose":0.241,"lactose":0.0,"maltose":0.0,"caffeine":0.0,"magnesium":58.29,"phosphorus":104.52,"potassium":974.85,"zinc":1.286,"copper":0.382,"manganese":0.285,"selenium":0.804,"caroteneBeta":124.62,